module,mean,stdev,ci95
bench.original,0.47881640324976615,0.0473082609968189,0.02676716847697834
bench.sourcery,0.005828943416569625,0.001676847178549005,0.0009487656065266299
bench.tabnine,0.3089140674166326,0.029160723247243992,0.016499232388229285
bench.local_llm,0.9317746459166756,0.022506139864577092,0.012734047391048293
